"subject"	"gene"	"IGHD2-8_01"	"IGHD2-8_02"	"alleles"	"proirs_row"	"proirs_col"	"counts1"	"k1"	"counts2"	"k2"	"counts3"	"k3"	"counts4"	"k4"
"S1"	"IGHV3-21"	"01"	"01"	"01"	"0.31,0.69"	"1"	"4,6"	"5.06682752265725"	NA	NA	NA	NA	NA	NA
"S1"	"IGHV4-34"	"01"	"01"	"01"	"0.31,0.69"	"1"	"4,6"	"5.06682752265725"	NA	NA	NA	NA	NA	NA
"S1"	"IGHV4-39"	"01"	"01"	"01"	"0.31,0.69"	"1"	"2,5"	"2.21381933957333"	NA	NA	NA	NA	NA	NA
"S1"	"IGHV3-30-3"	"01"	"01"	"01"	"0.31,0.69"	"1"	"2,5"	"2.21381933957333"	NA	NA	NA	NA	NA	NA
"S1"	"IGHV1-3"	"01"	"Unk"	"01"	"0.31,0.69"	"1"	"1,0"	"0.497918676801856"	NA	NA	NA	NA	NA	NA
"S1"	"IGHV3-13"	"Unk"	"01"	"01"	"0.31,0.69"	"1"	"0,2"	"0.319594421755299"	NA	NA	NA	NA	NA	NA
"S1"	"IGHV3-30"	"03"	"Unk"	"03"	"0.31,0.69"	"1"	"4,0"	"1.99167470720742"	NA	NA	NA	NA	NA	NA
"S1"	"IGHV1-2"	"Unk"	"02"	"02"	"0.31,0.69"	"1"	"0,4"	"0.639188843510597"	NA	NA	NA	NA	NA	NA
"S1"	"IGHV3-72"	"Unk"	"01"	"01"	"0.31,0.69"	"1"	"0,1"	"0.159797210877649"	NA	NA	NA	NA	NA	NA
"S1"	"IGHV3-73"	"01"	"Unk"	"01"	"0.31,0.69"	"1"	"1,0"	"0.497918676801856"	NA	NA	NA	NA	NA	NA
"S1"	"IGHV4-30-4"	"01"	"01"	"01"	"0.31,0.69"	"1"	"1,1"	"1.34660548610314"	NA	NA	NA	NA	NA	NA
"S1"	"IGHV4-4"	"02"	"07"	"02,07"	"0.31,0.69"	"0.45,0.55"	"1,0"	"0.497918676801856"	"0,2"	"0.319594421755299"	NA	NA	NA	NA
"S1"	"IGHV3-48"	"02"	"01"	"01,02"	"0.31,0.69"	"0.6,0.4"	"0,4"	"0.639188843510597"	"1,0"	"0.497918676801856"	NA	NA	NA	NA
"S1"	"IGHV3-49"	"Unk"	"03"	"03"	"0.31,0.69"	"1"	"0,3"	"0.479391632632948"	NA	NA	NA	NA	NA	NA
"S1"	"IGHV4-31"	"03"	"Unk"	"03"	"0.31,0.69"	"1"	"2,0"	"0.995837353603711"	NA	NA	NA	NA	NA	NA
"S1"	"IGHV3-33"	"01"	"Unk"	"01"	"0.31,0.69"	"1"	"1,0"	"0.497918676801856"	NA	NA	NA	NA	NA	NA
"S1"	"IGHV1-69"	"02"	"06"	"02,06"	"0.31,0.69"	"0.29,0.71"	"1,0"	"0.497918676801856"	"0,5"	"0.798986054388246"	NA	NA	NA	NA
"S1"	"IGHV5-51"	"01"	"01"	"01"	"0.31,0.69"	"1"	"2,1"	"0.848686809301282"	NA	NA	NA	NA	NA	NA
"S1"	"IGHV3-74"	"Unk"	"01"	"01"	"0.31,0.69"	"1"	"0,1"	"0.159797210877649"	NA	NA	NA	NA	NA	NA
"S1"	"IGHV3-43D"	"03"	"Unk"	"03"	"0.31,0.69"	"1"	"1,0"	"0.497918676801856"	NA	NA	NA	NA	NA	NA
"S1"	"IGHV3-15"	"01"	"07"	"01,07"	"0.31,0.69"	"0.38,0.62"	"1,0"	"0.497918676801856"	"0,1"	"0.159797210877649"	NA	NA	NA	NA
"S1"	"IGHV2-5"	"Unk"	"01"	"01"	"0.31,0.69"	"1"	"0,1"	"0.159797210877649"	NA	NA	NA	NA	NA	NA
"S1"	"IGHV4-38-2"	"Unk"	"02"	"02"	"0.31,0.69"	"1"	"0,2"	"0.319594421755299"	NA	NA	NA	NA	NA	NA
"S1"	"IGHV3-53"	"01"	"02"	"01,02"	"0.31,0.69"	"0.69,0.31"	"1,0"	"0.497918676801856"	"0,1"	"0.159797210877649"	NA	NA	NA	NA
"S1"	"IGHV2-26"	"01"	"Unk"	"01"	"0.31,0.69"	"1"	"1,0"	"0.497918676801856"	NA	NA	NA	NA	NA	NA
"S1"	"IGHV3-11"	"Unk"	"06,06_A152G"	"06,06_A152G"	"0.31,0.69"	"0.75,0.25"	"0,1"	"0.159797210877649"	"0,1"	"0.159797210877649"	NA	NA	NA	NA
"S1"	"IGHV3-64D"	"Unk"	"08"	"08"	"0.31,0.69"	"1"	"0,1"	"0.159797210877649"	NA	NA	NA	NA	NA	NA
"S1"	"IGHV4-30-2"	"01"	"01"	"01"	"0.31,0.69"	"1"	"1,1"	"1.34660548610314"	NA	NA	NA	NA	NA	NA
"S1"	"IGHV4-59"	"Unk"	"01"	"01"	"0.31,0.69"	"1"	"0,1"	"0.159797210877649"	NA	NA	NA	NA	NA	NA
"S1"	"IGHV1-46"	"Unk"	"01"	"01"	"0.31,0.69"	"1"	"0,1"	"0.159797210877649"	NA	NA	NA	NA	NA	NA
"S1"	"IGHV3-7"	"05"	"Unk"	"05"	"0.31,0.69"	"1"	"1,0"	"0.497918676801856"	NA	NA	NA	NA	NA	NA
"S1"	"IGHV1-18"	"Unk"	"01"	"01"	"0.31,0.69"	"1"	"0,1"	"0.159797210877649"	NA	NA	NA	NA	NA	NA
"S1"	"IGHV1-45"	"Unk"	"Unk"	NA	NA	NA	NA	NA	NA	NA	NA	NA	NA	NA
"S1"	"IGHV1-8"	"Del"	"Del"	NA	NA	NA	NA	NA	NA	NA	NA	NA	NA	NA
"S1"	"IGHV3-41"	"Unk"	"Unk"	NA	NA	NA	NA	NA	NA	NA	NA	NA	NA	NA
"S1"	"IGHV3-9"	"Del"	"Del"	NA	NA	NA	NA	NA	NA	NA	NA	NA	NA	NA
"S1"	"IGHV7-4-1"	"Del"	"Del"	NA	NA	NA	NA	NA	NA	NA	NA	NA	NA	NA
"S1"	"IGHV8-51-1"	"Unk"	"Unk"	NA	NA	NA	NA	NA	NA	NA	NA	NA	NA	NA
"S1"	"IGHV1-24"	"Unk"	"Unk"	NA	NA	NA	NA	NA	NA	NA	NA	NA	NA	NA
"S1"	"IGHV1-58"	"Unk"	"Unk"	NA	NA	NA	NA	NA	NA	NA	NA	NA	NA	NA
"S1"	"IGHV1-69-2"	"Unk"	"Unk"	NA	NA	NA	NA	NA	NA	NA	NA	NA	NA	NA
"S1"	"IGHV2-70"	"Unk"	"Unk"	NA	NA	NA	NA	NA	NA	NA	NA	NA	NA	NA
"S1"	"IGHV2-70D"	"Del"	"Del"	NA	NA	NA	NA	NA	NA	NA	NA	NA	NA	NA
"S1"	"IGHV3-20"	"Unk"	"Unk"	NA	NA	NA	NA	NA	NA	NA	NA	NA	NA	NA
"S1"	"IGHV3-23"	"Unk"	"Unk"	NA	NA	NA	NA	NA	NA	NA	NA	NA	NA	NA
"S1"	"IGHV3-23D"	"Unk"	"Unk"	NA	NA	NA	NA	NA	NA	NA	NA	NA	NA	NA
"S1"	"IGHV3-30-5"	"Unk"	"Unk"	NA	NA	NA	NA	NA	NA	NA	NA	NA	NA	NA
"S1"	"IGHV3-43"	"Unk"	"Unk"	NA	NA	NA	NA	NA	NA	NA	NA	NA	NA	NA
"S1"	"IGHV3-64"	"Unk"	"Unk"	NA	NA	NA	NA	NA	NA	NA	NA	NA	NA	NA
"S1"	"IGHV3-66"	"Unk"	"Unk"	NA	NA	NA	NA	NA	NA	NA	NA	NA	NA	NA
"S1"	"IGHV4-28"	"Unk"	"Unk"	NA	NA	NA	NA	NA	NA	NA	NA	NA	NA	NA
"S1"	"IGHV4-61"	"Unk"	"Unk"	NA	NA	NA	NA	NA	NA	NA	NA	NA	NA	NA
"S1"	"IGHV5-10-1"	"Unk"	"Unk"	NA	NA	NA	NA	NA	NA	NA	NA	NA	NA	NA
"S1"	"IGHV6-1"	"Unk"	"Unk"	NA	NA	NA	NA	NA	NA	NA	NA	NA	NA	NA
