ALLELE	CLOSE_REFERENCE	CHIMERA	IN_GENOTYPE	SINGLETON	SAHRED_SNP	HOTSPOT	NOVEL_AA	SNP_XXXX	LONG_VERSION	IN_GENO
IGHV1-69*08_C191T	IGHV1-69*08	low probability for chimera	FALSE	NA	NA	NA	NA		Longer seq call of:IGHV1-69*02	TRUE
IGHV3-66*02_A152G	IGHV3-66*02		FALSE	NA	NA	NA	NA	Repeated Read: 152A>G-XXzX;		FALSE
IGHV4-39*07_C288A	IGHV4-39*07		FALSE	NA	NA	NA	NA			TRUE
IGHV5-51*01_C45G	IGHV5-51*01	low probability for chimera	FALSE	NA	NA	NA	NA	Repeated Read: 45C>G-zXXX;	Longer seq call of:IGHV5-51*03	TRUE
